{
  "iteration": 15,
  "objective": 0.8376068376068376,
  "accuracy": 0.9394586894586895,
  "fpRate": 0.020655270655270654,
  "fnRate": 0.039886039886039885,
  "aggressiveness": {
    "deepPatternAnalysis": 7.478901446478936,
    "mlEnsemble": 93.69511246596838,
    "adversarialDetection": 37.078888811290554,
    "linguisticFingerprinting": 35.88541648014674,
    "crossCultural": 11.705793103891548
  },
  "result": {
    "objective": 0.8376068376068376,
    "accuracy": 0.9394586894586895,
    "fpRate": 0.020655270655270654,
    "fnRate": 0.039886039886039885,
    "totalCases": 1404,
    "correct": 1319,
    "fp": 29,
    "fn": 56
  }
}