{
  "weights.evasionDetection": 0.28510742580581105,
  "weights.harassmentPatterns": 1.093848335139636,
  "weights.crossCulturalBias": 0.5193068776486491,
  "weights.aiGeneratedContent": 1.849894794353991,
  "weights.modernHarassment": 1.3676662461297289,
  "weights.steganography": 0.05627900822919685,
  "weights.socialEngineering": 1.2899545277297824,
  "weights.adversarialContext": 1.7328084039416383,
  "weights.emojiHarassment": 0.14085326608196347,
  "weights.ngramAnalysis": 0.908633012018264,
  "weights.sentimentProgression": 0.7869620564987623,
  "weights.dependencyGrammar": 0.3244588910126256,
  "weights.phoneticSimilarity": 0.006685210304046008,
  "weights.contextualEmbeddings": 0.4457018527319774,
  "thresholds.evasionScoreMax": 38.28831616967756,
  "thresholds.harassmentScoreMax": 51.564179835822955,
  "thresholds.culturalScoreMax": 17.727370327509952,
  "thresholds.aiContentScoreMax": 16.318544708492254,
  "thresholds.modernHarassmentMax": 28.80492706929307,
  "thresholds.steganographyMax": 31.833322559135798,
  "thresholds.socialEngineeringMax": 27.510967289714646,
  "thresholds.adversarialContextMax": 32.633087604133976,
  "thresholds.emojiHarassmentMax": 14.710890125047364,
  "thresholds.ngramMax": 14.245955970320363,
  "thresholds.sentimentProgressionMax": 9.350816958242568,
  "thresholds.dependencyGrammarMax": 10.897483954744892,
  "thresholds.phoneticSimilarityMax": 5.6946730078554,
  "thresholds.contextualEmbeddingsMax": 2.2003898410577403,
  "protection.professionalProtection": 0.8967568631566818,
  "protection.constructiveProtection": 0.3920373194840197,
  "protection.sarcasticProtection": 0.9251464110452701,
  "protection.modernSlangProtection": 0.6145150182481787,
  "protection.emergencyProtection": 0.895422161981082,
  "protection.technicalProtection": 0.8147722137349436,
  "protection.borderlineProtection": 0.6547396777404123,
  "contextSensitivity.professionalThreshold": 3.0486599977649362,
  "contextSensitivity.constructiveThreshold": 2.39478052499512,
  "contextSensitivity.sarcasticThreshold": 1.638655836037123,
  "contextSensitivity.modernSlangThreshold": 1.3363851981467927,
  "ensemble.confidenceThreshold": 0.789996870679414,
  "ensemble.votingThreshold": 0.2076099962271329,
  "ensemble.modelWeightMultiplier": 0.5881572022408773,
  "ensemble.ensembleScoreMultiplier": 14.62944676028831
}